{"parent":"minecraft:item/generated","textures":{"layer0":"minecraft:item/brown_dye"},"overrides":[{"predicate":{"custom_model_data":2200803},"model":"slimy_tree_taps:materials/sticky_resin"},{"predicate":{"custom_model_data":2202047},"model":"slimefunwarfare:explosives/thioacetone"},{"predicate":{"custom_model_data":2203135},"model":"gastronomicon:food/gn_caramel"},{"predicate":{"custom_model_data":2203138},"model":"gastronomicon:food/gn_pulled_pork"},{"predicate":{"custom_model_data":2203139},"model":"gastronomicon:food/gn_ground_beef"},{"predicate":{"custom_model_data":2203140},"model":"item/brown_dye"}]}