{"parent":"minecraft:item/generated","overrides":[{"model":"minecraft:item/golden_chestplate_quartz_trim","predicate":{"trim_type":0.1}},{"model":"minecraft:item/golden_chestplate_iron_trim","predicate":{"trim_type":0.2}},{"model":"minecraft:item/golden_chestplate_netherite_trim","predicate":{"trim_type":0.3}},{"model":"minecraft:item/golden_chestplate_redstone_trim","predicate":{"trim_type":0.4}},{"model":"minecraft:item/golden_chestplate_copper_trim","predicate":{"trim_type":0.5}},{"model":"minecraft:item/golden_chestplate_gold_darker_trim","predicate":{"trim_type":0.6}},{"model":"minecraft:item/golden_chestplate_emerald_trim","predicate":{"trim_type":0.7}},{"model":"minecraft:item/golden_chestplate_diamond_trim","predicate":{"trim_type":0.8}},{"model":"minecraft:item/golden_chestplate_lapis_trim","predicate":{"trim_type":0.9}},{"model":"minecraft:item/golden_chestplate_amethyst_trim","predicate":{"trim_type":1.0}},{"predicate":{"custom_model_data":2200203},"model":"slimefun:slimefun/armor/gilded_iron_armor/chestplate"},{"predicate":{"trim_type":0.1,"custom_model_data":2200203},"model":"slimefun:slimefun/armor/gilded_iron_armor/chestplate"},{"predicate":{"trim_type":0.2,"custom_model_data":2200203},"model":"slimefun:slimefun/armor/gilded_iron_armor/chestplate"},{"predicate":{"trim_type":0.3,"custom_model_data":2200203},"model":"slimefun:slimefun/armor/gilded_iron_armor/chestplate"},{"predicate":{"trim_type":0.4,"custom_model_data":2200203},"model":"slimefun:slimefun/armor/gilded_iron_armor/chestplate"},{"predicate":{"trim_type":0.5,"custom_model_data":2200203},"model":"slimefun:slimefun/armor/gilded_iron_armor/chestplate"},{"predicate":{"trim_type":0.6,"custom_model_data":2200203},"model":"slimefun:slimefun/armor/gilded_iron_armor/chestplate"},{"predicate":{"trim_type":0.7,"custom_model_data":2200203},"model":"slimefun:slimefun/armor/gilded_iron_armor/chestplate"},{"predicate":{"trim_type":0.8,"custom_model_data":2200203},"model":"slimefun:slimefun/armor/gilded_iron_armor/chestplate"},{"predicate":{"trim_type":0.9,"custom_model_data":2200203},"model":"slimefun:slimefun/armor/gilded_iron_armor/chestplate"},{"predicate":{"trim_type":1.0,"custom_model_data":2200203},"model":"slimefun:slimefun/armor/gilded_iron_armor/chestplate"},{"predicate":{"custom_model_data":2200204},"model":"item/golden_chestplate"}],"textures":{"layer0":"minecraft:item/golden_chestplate"}}