{"parent":"minecraft:item/generated","overrides":[{"model":"minecraft:item/leather_leggings_quartz_trim","predicate":{"trim_type":0.1}},{"model":"minecraft:item/leather_leggings_iron_trim","predicate":{"trim_type":0.2}},{"model":"minecraft:item/leather_leggings_netherite_trim","predicate":{"trim_type":0.3}},{"model":"minecraft:item/leather_leggings_redstone_trim","predicate":{"trim_type":0.4}},{"model":"minecraft:item/leather_leggings_copper_trim","predicate":{"trim_type":0.5}},{"model":"minecraft:item/leather_leggings_gold_trim","predicate":{"trim_type":0.6}},{"model":"minecraft:item/leather_leggings_emerald_trim","predicate":{"trim_type":0.7}},{"model":"minecraft:item/leather_leggings_diamond_trim","predicate":{"trim_type":0.8}},{"model":"minecraft:item/leather_leggings_lapis_trim","predicate":{"trim_type":0.9}},{"model":"minecraft:item/leather_leggings_amethyst_trim","predicate":{"trim_type":1.0}},{"predicate":{"custom_model_data":2200039},"model":"slimefun:slimefun/magical_armor/ender_amor/leggings"},{"predicate":{"trim_type":0.1,"custom_model_data":2200039},"model":"slimefun:slimefun/magical_armor/ender_amor/leggings"},{"predicate":{"trim_type":0.2,"custom_model_data":2200039},"model":"slimefun:slimefun/magical_armor/ender_amor/leggings"},{"predicate":{"trim_type":0.3,"custom_model_data":2200039},"model":"slimefun:slimefun/magical_armor/ender_amor/leggings"},{"predicate":{"trim_type":0.4,"custom_model_data":2200039},"model":"slimefun:slimefun/magical_armor/ender_amor/leggings"},{"predicate":{"trim_type":0.5,"custom_model_data":2200039},"model":"slimefun:slimefun/magical_armor/ender_amor/leggings"},{"predicate":{"trim_type":0.6,"custom_model_data":2200039},"model":"slimefun:slimefun/magical_armor/ender_amor/leggings"},{"predicate":{"trim_type":0.7,"custom_model_data":2200039},"model":"slimefun:slimefun/magical_armor/ender_amor/leggings"},{"predicate":{"trim_type":0.8,"custom_model_data":2200039},"model":"slimefun:slimefun/magical_armor/ender_amor/leggings"},{"predicate":{"trim_type":0.9,"custom_model_data":2200039},"model":"slimefun:slimefun/magical_armor/ender_amor/leggings"},{"predicate":{"trim_type":1.0,"custom_model_data":2200039},"model":"slimefun:slimefun/magical_armor/ender_amor/leggings"},{"predicate":{"custom_model_data":2200046},"model":"slimefun:slimefun/magical_armor/slime_armor/leggings"},{"predicate":{"trim_type":0.1,"custom_model_data":2200046},"model":"slimefun:slimefun/magical_armor/slime_armor/leggings"},{"predicate":{"trim_type":0.2,"custom_model_data":2200046},"model":"slimefun:slimefun/magical_armor/slime_armor/leggings"},{"predicate":{"trim_type":0.3,"custom_model_data":2200046},"model":"slimefun:slimefun/magical_armor/slime_armor/leggings"},{"predicate":{"trim_type":0.4,"custom_model_data":2200046},"model":"slimefun:slimefun/magical_armor/slime_armor/leggings"},{"predicate":{"trim_type":0.5,"custom_model_data":2200046},"model":"slimefun:slimefun/magical_armor/slime_armor/leggings"},{"predicate":{"trim_type":0.6,"custom_model_data":2200046},"model":"slimefun:slimefun/magical_armor/slime_armor/leggings"},{"predicate":{"trim_type":0.7,"custom_model_data":2200046},"model":"slimefun:slimefun/magical_armor/slime_armor/leggings"},{"predicate":{"trim_type":0.8,"custom_model_data":2200046},"model":"slimefun:slimefun/magical_armor/slime_armor/leggings"},{"predicate":{"trim_type":0.9,"custom_model_data":2200046},"model":"slimefun:slimefun/magical_armor/slime_armor/leggings"},{"predicate":{"trim_type":1.0,"custom_model_data":2200046},"model":"slimefun:slimefun/magical_armor/slime_armor/leggings"},{"predicate":{"custom_model_data":2200063},"model":"slimefun:slimefun/magical_armor/glowstone_armor/leggings"},{"predicate":{"trim_type":0.1,"custom_model_data":2200063},"model":"slimefun:slimefun/magical_armor/glowstone_armor/leggings"},{"predicate":{"trim_type":0.2,"custom_model_data":2200063},"model":"slimefun:slimefun/magical_armor/glowstone_armor/leggings"},{"predicate":{"trim_type":0.3,"custom_model_data":2200063},"model":"slimefun:slimefun/magical_armor/glowstone_armor/leggings"},{"predicate":{"trim_type":0.4,"custom_model_data":2200063},"model":"slimefun:slimefun/magical_armor/glowstone_armor/leggings"},{"predicate":{"trim_type":0.5,"custom_model_data":2200063},"model":"slimefun:slimefun/magical_armor/glowstone_armor/leggings"},{"predicate":{"trim_type":0.6,"custom_model_data":2200063},"model":"slimefun:slimefun/magical_armor/glowstone_armor/leggings"},{"predicate":{"trim_type":0.7,"custom_model_data":2200063},"model":"slimefun:slimefun/magical_armor/glowstone_armor/leggings"},{"predicate":{"trim_type":0.8,"custom_model_data":2200063},"model":"slimefun:slimefun/magical_armor/glowstone_armor/leggings"},{"predicate":{"trim_type":0.9,"custom_model_data":2200063},"model":"slimefun:slimefun/magical_armor/glowstone_armor/leggings"},{"predicate":{"trim_type":1.0,"custom_model_data":2200063},"model":"slimefun:slimefun/magical_armor/glowstone_armor/leggings"},{"predicate":{"custom_model_data":2200075},"model":"slimefun:slimefun/armor/cactus_armor/leggings"},{"predicate":{"trim_type":0.1,"custom_model_data":2200075},"model":"slimefun:slimefun/armor/cactus_armor/leggings"},{"predicate":{"trim_type":0.2,"custom_model_data":2200075},"model":"slimefun:slimefun/armor/cactus_armor/leggings"},{"predicate":{"trim_type":0.3,"custom_model_data":2200075},"model":"slimefun:slimefun/armor/cactus_armor/leggings"},{"predicate":{"trim_type":0.4,"custom_model_data":2200075},"model":"slimefun:slimefun/armor/cactus_armor/leggings"},{"predicate":{"trim_type":0.5,"custom_model_data":2200075},"model":"slimefun:slimefun/armor/cactus_armor/leggings"},{"predicate":{"trim_type":0.6,"custom_model_data":2200075},"model":"slimefun:slimefun/armor/cactus_armor/leggings"},{"predicate":{"trim_type":0.7,"custom_model_data":2200075},"model":"slimefun:slimefun/armor/cactus_armor/leggings"},{"predicate":{"trim_type":0.8,"custom_model_data":2200075},"model":"slimefun:slimefun/armor/cactus_armor/leggings"},{"predicate":{"trim_type":0.9,"custom_model_data":2200075},"model":"slimefun:slimefun/armor/cactus_armor/leggings"},{"predicate":{"trim_type":1.0,"custom_model_data":2200075},"model":"slimefun:slimefun/armor/cactus_armor/leggings"},{"predicate":{"custom_model_data":2200209},"model":"slimefun:slimefun/armor/hazmat_suit/leggings"},{"predicate":{"trim_type":0.1,"custom_model_data":2200209},"model":"slimefun:slimefun/armor/hazmat_suit/leggings"},{"predicate":{"trim_type":0.2,"custom_model_data":2200209},"model":"slimefun:slimefun/armor/hazmat_suit/leggings"},{"predicate":{"trim_type":0.3,"custom_model_data":2200209},"model":"slimefun:slimefun/armor/hazmat_suit/leggings"},{"predicate":{"trim_type":0.4,"custom_model_data":2200209},"model":"slimefun:slimefun/armor/hazmat_suit/leggings"},{"predicate":{"trim_type":0.5,"custom_model_data":2200209},"model":"slimefun:slimefun/armor/hazmat_suit/leggings"},{"predicate":{"trim_type":0.6,"custom_model_data":2200209},"model":"slimefun:slimefun/armor/hazmat_suit/leggings"},{"predicate":{"trim_type":0.7,"custom_model_data":2200209},"model":"slimefun:slimefun/armor/hazmat_suit/leggings"},{"predicate":{"trim_type":0.8,"custom_model_data":2200209},"model":"slimefun:slimefun/armor/hazmat_suit/leggings"},{"predicate":{"trim_type":0.9,"custom_model_data":2200209},"model":"slimefun:slimefun/armor/hazmat_suit/leggings"},{"predicate":{"trim_type":1.0,"custom_model_data":2200209},"model":"slimefun:slimefun/armor/hazmat_suit/leggings"},{"predicate":{"custom_model_data":2201212},"model":"extra_gear:armor/copper/copper_leggings"},{"predicate":{"trim_type":0.1,"custom_model_data":2201212},"model":"extra_gear:armor/copper/copper_leggings"},{"predicate":{"trim_type":0.2,"custom_model_data":2201212},"model":"extra_gear:armor/copper/copper_leggings"},{"predicate":{"trim_type":0.3,"custom_model_data":2201212},"model":"extra_gear:armor/copper/copper_leggings"},{"predicate":{"trim_type":0.4,"custom_model_data":2201212},"model":"extra_gear:armor/copper/copper_leggings"},{"predicate":{"trim_type":0.5,"custom_model_data":2201212},"model":"extra_gear:armor/copper/copper_leggings"},{"predicate":{"trim_type":0.6,"custom_model_data":2201212},"model":"extra_gear:armor/copper/copper_leggings"},{"predicate":{"trim_type":0.7,"custom_model_data":2201212},"model":"extra_gear:armor/copper/copper_leggings"},{"predicate":{"trim_type":0.8,"custom_model_data":2201212},"model":"extra_gear:armor/copper/copper_leggings"},{"predicate":{"trim_type":0.9,"custom_model_data":2201212},"model":"extra_gear:armor/copper/copper_leggings"},{"predicate":{"trim_type":1.0,"custom_model_data":2201212},"model":"extra_gear:armor/copper/copper_leggings"},{"predicate":{"custom_model_data":2201213},"model":"item/leather_leggings"}],"textures":{"layer0":"minecraft:item/leather_leggings","layer1":"minecraft:item/leather_leggings_overlay"}}