{"parent":"item/generated","textures":{"layer0":"item/leather_helmet","layer1":"item/leather_helmet_overlay"},"overrides":[{"predicate":{"custom_model_data":2200037},"model":"slimefun:slimefun/magical_armor/ender_amor/helmet"},{"predicate":{"custom_model_data":2200044},"model":"slimefun:slimefun/magical_armor/slime_armor/helmet"},{"predicate":{"custom_model_data":2200061},"model":"slimefun:slimefun/magical_armor/glowstone_armor/helmet"},{"predicate":{"custom_model_data":2200073},"model":"slimefun:slimefun/armor/cactus_armor/helmet"},{"predicate":{"custom_model_data":2200207},"model":"slimefun:slimefun/armor/hazmat_suit/helmet"},{"predicate":{"custom_model_data":2200229},"model":"slimefun:slimefun/technical_gadgets/night_vision_goggles"},{"predicate":{"custom_model_data":2201211},"model":"extra_gear:armor/copper/copper_helmet"},{"predicate":{"custom_model_data":2201212},"model":"item/leather_helmet"}]}