{"parent":"minecraft:block/small_dripleaf_top","display":{"thirdperson_righthand":{"rotation":[0,0,0],"translation":[0,4,1],"scale":[0.55,0.55,0.55]},"firstperson_righthand":{"rotation":[0,45,0],"translation":[0,3.2,0],"scale":[0.4,0.4,0.4]}},"overrides":[{"predicate":{"custom_model_data":2203059},"model":"gastronomicon:ingredient/gn_brussles_sprouts"},{"predicate":{"custom_model_data":2203064},"model":"gastronomicon:ingredient/gn_parsley"},{"predicate":{"custom_model_data":2203065},"model":"item/small_dripleaf"}]}